n,Xn,dXn,Xn+1,f(Xn),f(Xn+dXn),f(Xn+1),Rel. Err.,
0,3,0.03,4.8926,-3.2,-3.14928,35.7632,
1,4.8926,0.048926,4.14295,35.7632,38.0973,9.73047,0.180945,
2,4.14295,0.0414295,3.74232,9.73047,10.7367,2.20306,0.107055,
3,3.74232,0.0374232,3.59105,2.20306,2.74812,0.300425,0.0421217,
4,3.59105,0.0359105,3.5647,0.300425,0.709788,0.0161885,0.00739309,
5,3.5647,0.035647,3.56321,0.0161885,0.403901,0.000539267,0.000417714,
6,3.56321,0.0356321,3.56316,0.000539267,0.387046,1.72965e-05,1.39525e-05,
