n,Xn,dXn,Xn+1,f(Xn),f(Xn+dXn),f(Xn+1),Rel. Err.,
0,2,0.02,1.92146,-0.4,-0.501864,0.00141561,
1,1.92146,0.0192146,1.92174,0.00141561,-0.0968224,6.93373e-07,0.000144079,
2,1.92174,0.0192174,1.92174,6.93373e-07,-0.0982527,3.41721e-10,7.05699e-08,
