n,Xn,Xn+1,f(Xn),f'(Xn),f(Xn+1),Rel. Err.,
0,2,1.92157,-0.4,-5.1,0.000880506,
1,1.92157,1.92174,0.000880506,-5.11015,-5.05438e-09,8.96611e-05,
