n,Xn-1,Xn,Xn+1,f(Xn+1),Rel. Err.,
0,1,0,0.625,1,
1,0.625,0,0.447678,1.98047,0.396094,
2,0.447678,0,0.388712,0.758479,0.151696,
3,0.388712,0,0.371629,0.229831,0.0459663,
4,0.371629,0,0.366888,0.0646216,0.0129243,
5,0.366888,0,0.365587,0.0177849,0.00355698,
6,0.365587,0,0.365232,0.00486578,0.000973157,
7,0.365232,0,0.365135,0.00132908,0.000265815,
8,0.365135,0,0.365108,0.000362874,7.25747e-05,
